https://coda.org/2024/happy-to-be-here-january-23-2024/,2
https://www.rte.ie/news/ireland/2023/1203/1419689-riots-eu/,1
https://fale.io/blog/2012/04/19/linux-pocket-guide-by-daniel-j.-barrett-oreilly,5
https://structuretech.com/podcast-structure-talk/home-inspection-terms-explained/,1
https://technode.com/2023/03/31/apple-ceo-tim-cook-visits-mihoyo-in-china-praises-genshin-impact/,1
https://www.energyportal.eu/breaking-news-illinois-supreme-court-rules-staffing-agencies-not-exempt-from-antitrust-law/,1
https://structuretech.com/podcast-structure-talk/national-home-inspector-exam/,1
https://riteshbabu.net/2023/09/28/the-delight-of-rare-flavours/,4
https://www.fox29.com/news/police-looking-for-escaped-inmate-in-delaware,1
https://artofnetworkengineering.com/2023/05/03/ep-6-real-world-cloud-transition-with-giftedlane/,1
https://www.alice-miller.com/en/home/,2
https://imrannazar.com/articles/php-struct-pattern,3
https://thefisheriesblog.com/2022/08/03/announcing-latin-america-caribbean-fisheries-congress-cancun-mexico-15-18-may-2023/,1
https://incisive.vc/2024/01/19/recap-from-a-vc-and-a-poker-pro-walk-into-a-bar/?utm_source=rss&utm_medium=rss&utm_campaign=recap-from-a-vc-and-a-poker-pro-walk-into-a-bar,2
https://www.keithhennessey.com/2009/05/05/chrysler-views/,1
https://1upkeyboards.com/2019/04/06/restock-go-bold-with-brass-60-pro-ansi-plates-this-newsletter-was-just-sent-to-our-3841-subscribers/,1
https://99bitcoins.com/bitcoin-news-summary-sep-18-2023/,1
https://together.jolla.com/question/229788/android-app-fails-to-start/,1
https://www.disabled-world.com/assistivedevices/braun-symposium.php,2
https://announce.asheesh.org/2018/12/libreplanet-speakers-ask-fsf-board-about-safe-space-policy-get-no-real-answer/,4
https://www.securitynewspaper.com/2024/01/22/how-to-steal-windows-password-via-outlook-email-exploiting-vulnerabilities-in-windows-performance-analyzer-wpa-and-file-explorer/,2
https://bobjansen.net/drawing-with-chatgpt/,4
https://thelowdown.momentum.asia/e55-the-impulso-podcast-why-is-lazada-ceo-taking-over-daraz/?utm_source=rss&utm_medium=rss&utm_campaign=e55-the-impulso-podcast-why-is-lazada-ceo-taking-over-daraz,1
https://javalab.org/en/bubble-pop/,3
https://apples.ces.ncsu.edu/2023/08/wnc-orchard-insect-pest-populations-august-15-2023/?src=rss,1
https://subify.info/blog/first-1000-subscribers/,2
https://glennfawcett.wpcomstaging.com/2021/05/25/bulk-delete-troubleshooting-part-2/,3
https://elegantcoffee.com/howto-make-perfect-espresso-coffee/?utm_source=rss&utm_medium=rss&utm_campaign=howto-make-perfect-espresso-coffee,1
https://retro-hardware.com/2019/05/12/ken-thompson-inventor-of-unix-and-predecessor-of-c-langue-talk-at-vintage-computer-festival-east/,1
https://technode.com/2023/07/06/alibaba-founder-jack-ma-visits-pakistan-sparks-speculation-about-expansion-plans/,1
https://www.foxla.com/news/kansas-city-chiefs-fans-deaths-drugs-weather-conditions-experts,1
https://opryshok.com/openai-api-usage-report/,2
https://www.reamaze.com/blog/introducing-the-new-reamaze-ai-faq-bot/,1
https://www.snowflake.com/blog/liveramp-identity-foundation-with-snowflake-native-apps/,1
https://www.cheesehouse.com/uncategorized/an-easy-summer-quiche-recipe/,1
https://www.suedhang.org/en/2022/01/25/what-is-suedhang/,2
https://www.raftt.io/post/handling-multi-process-log-rotation-in-go,3
https://library.osu.edu/site/40stories/2020/02/09/makings-of-mad/,1
https://comic-cons.xyz/what-is-attending-a-comic-con-like/,4
https://www.grahammann.net/book-notes/poor-charlies-almanack-charles-munger,2
https://danielomcclellan.wordpress.com/2023/05/22/episode-7-of-the-data-over-dogma-podcast-so-many-gods/,1
https://circulatingnow.nlm.nih.gov/2019/11/01/remembering-the-saints-of-the-plague/,2
https://arkusze.pl/matura-stara-chemia-2018-maj-poziom-podstawowy/,1
http://www.linux-magazine.com/Online/News/Two-AI-features-Introduced-in-Deepin-Linux-23-Beta-2-Release,1
https://dbeaver.com/2024/01/30/workspace-location-0/,1
https://www.sportscasting.com/dak-prescott-las-vegas-louis-vuitton-super-bowl/,1
http://svdictionary.com/words/ponytail-bias,2
https://www.freshpaint.io/blog/why-shutting-down-advertising-tracking-technologies-is-impacting-your-marketing-team,1
https://www.hntrends.com/2019/mar-postgresql-vs-mysql-no-longer-close.html,2
https://www.graduateprogram.org/2024/01/should-teachers-have-to-submit-lesson-plans/,1
https://bengalcats.co/9-tips-for-saving-your-christmas-tree-from-a-cat-astrophe/,1
https://toddthegod.com/sacrifice/,3
https://reallyabout.net/chappelles-show-tv-series/,1
https://directorsblog.nih.gov/2023/10/24/brain-atlas-paves-the-way-for-new-understanding-of-how-the-brain-functions/,1
https://eatingoffplastic.com/2019/02/19/shopping-with-the-elderly-observations-and-revelations/,3
https://jamesjgleeson.wordpress.com/2022/11/06/joining-mastodon/,1
https://www.godreports.com/2023/10/mother-daughter-visiting-israel-from-u-s-may-be-hostages/?utm_source=rss&utm_medium=rss&utm_campaign=mother-daughter-visiting-israel-from-u-s-may-be-hostages,1
https://queersaints.wordpress.com/2012/11/14/jimmy-creech-methodist-pioneer-for-lgbt-equality/,1
https://riviantrackr.com/2024-03/,1
https://edamurray.com/2023/04/19/how-to-get-discovered-as-a-creative-6-helpful-tips/,3
https://www.texasstandard.org/stories/houston-usps-mail-delays-al-green-calls-transparency/,1
https://landgeist.com/2022/10/11/most-used-energy-source-in-asia/,1
https://www.vectorvest.com/blog/hot-stocks/nextracker-inc-attains-its-all-time-high-on-december-22/,1
https://shwep.net/2018/06/21/on-the-necessity-of-useless-scholarship/,3
https://electriccoin.co/blog/welcoming-a-new-season-at-ecc-a-message-from-the-bootstrap-board-of-directors/,1
https://washingtonmonthly.com/2024/01/29/hubert-humphreys-liberalism-for-our-time/,1
https://www.poeticoding.com/how-phoenix-liveview-works/,1
https://tradingstrategy.ai/blog/defi-volume-all-time-high-reached-this-weekend,1
https://workos.com/blog/a-developers-history-of-authentication,3
https://www.levelchanger.com/blog/2024/03/21/version-3-3-9,1
https://www.trackballmouse.org/kensington-pro-fit-ergo-vertical-wireless-trackball/,1
https://structuretech.com/hot-dimmer-switches-2/,1
https://www.cloudsek.com/threatintelligence/analysis-of-faust-ransomware-a-variant-of-the-phobos-ransomware-family,1
https://ethidelabs.com/how-to-calculate-tolerable-contact-limits-for-ethylene-oxide/,1
https://cerbos.dev/blog/amazic-podcast-your-authorization-headache-solved-with-cerbos,1
https://www.mudlet.org/2022/07/accessibility-for-mudlet-part-3-linux-is-working%f0%9f%90%a7/,3
https://plausiblydeniable.com/july-2021-in-review/,1
https://intotheclarities.com/2021/05/30/james-dunn-on-the-spirit-human-and-divine-in-paul-of-tarsus/,3
https://thelanguagenerds.com/2024/what-to-say-to-someone-who-leaves-the-door-open-after-coming-in-european-languages/?utm_source=rss&utm_medium=rss&utm_campaign=what-to-say-to-someone-who-leaves-the-door-open-after-coming-in-european-languages,1
https://easywithai.com/courses/artificial-intelligence-in-health-care/,1
https://nutriadmin.com/blog/best-apps-for-nutritionists/,1
https://repository.uclawsf.edu/hastings_international_comparative_law_review/vol45/iss1/2,1
https://www.californiaaccidentattorneysblog.com/pedestrian-accident-precluded-by-workers-compensation/,1
https://coinbestnews.com/proof-of-stake-vs-proof-of-work-a-simple-guide/,1
https://meyerweb.com/eric/thoughts/2023/12/21/pixelating-live-with-svg/,5
https://www.paddleyourownkanoo.com/2024/01/16/judge-blocks-jetblues-proposed-acquisition-of-spirit-airlines-sending-share-price-tumbling/,1
https://www.warp.dev/blog/new-utilities-for-your-terminal-inspired-by-text-editors,1
https://worldbiomarketinsights.com/world-biogas-association-and-global-methane-hub-partner-to-drive-biogas-growth/?utm_source=rss&utm_medium=rss&utm_campaign=world-biogas-association-and-global-methane-hub-partner-to-drive-biogas-growth,1
https://econ4future.org/blogpost/interview-with-simon-sharpe/,1
https://theappeal.org/street-vendor-protest-arrest-huntington-park/,1
https://raimue.blog/2023/11/19/follow-this-blog-via-activitypub-on-mastodon/,1
https://www.museedutour.ch/100eme-anniversaire-du-tunnel-moutier-granges-2015/,1
https://www.domesticshelters.org/articles/safety-planning/packing-your-bags,3
https://technode.global/2024/01/26/hong-kongs-qupital-secures-series-b2-funding-to-fuel-market-expansion-and-product-innovation/,1
https://openbenches.org/bench/31326,1
https://soatok.blog/2022/12/29/what-we-do-in-the-etc-shadow-cryptography-with-passwords/,5
https://www.tengelmann-energie.com/energiedienstleister-seit-18-jahren/,1
https://scienceblogs.de/klausis-krypto-kolumne/2022/08/23/wer-kann-diese-verschluesselte-brieftauben-nachricht-aus-dem-ersten-weltkrieg-loesen/?utm_source=rss&utm_medium=rss&utm_campaign=wer-kann-diese-verschluesselte-brieftauben-nachricht-aus-dem-ersten-weltkrieg-loesen,1
https://calculatedcontent.com/2022/07/22/better-than-bert-pick-your-best-model/,5
https://gominolasdepetroleo.com/bebidas-energeticas-el-tsunami-que-arrasa-la-salud-de-los-adolescentes/,1
https://pie.med.utoronto.ca/TVASurg/ahpba-2023/,1
https://circulatingnow.nlm.nih.gov/2022/01/13/human-bullets-a-russo-japanese-war-photo-album/,1
https://mountwashington.org/snow-on-the-way-2/,1
https://www.courtbouillon.org/blog/00041-tips-and-tricks-box-decoration-break/,3
https://macdailynews.com/2024/01/23/apple-vision-pro-units-offered-for-as-much-at-10000-at-ebay/,1
https://justmoney.org/virtual-teach-in-the-failure-of-silicon-valley-bank/?utm_source=rss&utm_medium=rss&utm_campaign=virtual-teach-in-the-failure-of-silicon-valley-bank,1
https://char.gd/podcast/086-cat-poop-smeared-moral-compass,1
https://www.cyberithub.com/how-to-install-libxml2-2-x-x-on-linux-simple-steps/,1
https://explorersweb.com/new-mixed-route-monte-taburlo-italian-dolomites/,1
https://www.saunders.co.uk/news/saunders-law-has-successfully-applied-to-have-a-no-further-action-removed-from-our-clients-record/,1
https://www.cibsejournal.com/opinion/beyond-boundaries-constructing-the-discovery-building-in-antarctica/,1
https://blogs.uoregon.edu/richardtaylor/2016/02/08/fractal-retinal-implants/,3
https://www.thesoldiersproject.org/do-military-tuck/,1
https://onepagelove.com/arrow-dynamics,1
https://www.schveiguy.com/blog/2019/06/golf-blitz-is-the-most-incredible-game-that-i-will-never-play-again/,5
https://one15brooklynmarina.com/us-sailing-membership-renewal/?utm_source=rss&utm_medium=rss&utm_campaign=us-sailing-membership-renewal,1
https://thebinaryhick.blog/2022/10/29/thats-no-honey-badger-its-a-brute-ratel-a-look-at-brc4/,5
https://jgp.ai/2023/03/10/%e6%95%b0%e6%8d%ae%e7%bd%91%e6%a0%bc-%e9%9d%a2%e5%90%91%e5%85%a8%e5%b9%b4%e9%be%84%e6%ae%b5/,1
https://www.sailpoint.com/blog/sailpoint-identity-security-cloud-most-common-questions/,1
https://flatology.com/unquiet-meals/?utm_source=rss&utm_medium=rss&utm_campaign=unquiet-meals,1
https://www.climatedepot.com/2024/01/24/new-jersey-plastic-bag-ban-followed-by-near-tripling-of-plastic-consumption/?utm_source=rss&utm_medium=rss&utm_campaign=new-jersey-plastic-bag-ban-followed-by-near-tripling-of-plastic-consumption,1
https://africans-in-america.com/2023/01/15/minnesota-africans-united-lobbies-african-summit-in-support-of-minnesotas-expo-2027-bid/,1
https://hillaryrettigproductivity.com/were-all-done-with-pandemic-shaming/,1
https://thedankoe.com/blog/this-is-a-test-blog/,3
https://unmanned-network.com/uae-orders-200-unmanned-helicopters-from-edge/,1
https://www.swiftbysundell.com/podcast/109,5
https://eleksis.com/news/high-end-home-entertainment/,1
https://www.troubleandstrife.org/2016/08/whose-story-is-it-anyway/,3
https://www.cincomsmalltalk.com/main/2023/10/why-does-productivity-matter-in-software-development/,1
https://www.scribus.net/scribus-1-4-7-and-1-5-4-released/,1
https://www.dailycamera.com/2024/01/30/editorial-the-bipartisan-tax-deal-is-good-but-not-good-enough/,1
https://codeandculture.wordpress.com/2022/07/14/background-readings-on-organizational-wokeness/,1
https://wetmachine.com/tales-of-the-sausage-factory/does-scotus-epa-case-impact-net-neutrality-heres-why-i-say-no/,3
https://internetfreedom.in/comparing-pdpb/,1
https://salt.security/blog/strengthening-our-crowdstrike-bond-with-falcon-integration,1
https://www.arnica.io/blog/how-to-detect-prevent-source-code-exfiltration,3
https://www.trufi-association.org/volunteer-of-the-month-michael-bruckner/,1
https://www.wzzm13.com/article/news/investigations/michigan-state-police-investigating-small-safe-found-in-ditch/69-d721c6a7-0686-4e07-94e9-f61d7f5a25a9,1
https://www.onions-usa.org/onionista/warm-recipes-take-the-chill-out-of-the-coming-winter/?utm_source=rss&utm_medium=rss&utm_campaign=warm-recipes-take-the-chill-out-of-the-coming-winter,1
https://therightstuff.biz/2023/11/30/third-rail-303-schwartz-illustrated/,1
https://edgeofhumanity.com/2024/01/17/fungi-foragers-a-family-ritual/,1
https://oxfordpoliticalreview.com/2023/12/11/algeria-and-palestine-parallels-and-differences/,3
https://parkasoftware.com/data-solutions-for-non-technical-professionals-bridging-the-gap/,3
https://www.icrc.org/en/document/syria%3A2023%20in%20pictures,1
https://seabedhabitats.org/2023/04/06/sedimentologika-journal/,1
https://codesnippetsandtutorials.com/2023/11/01/a-collection-of-blockchain-messaging-libraries-plugins-and-tools-for-the-solana-blockchain-including-cross-chain-communication/,1
https://www.seattlebikeblog.com/2024/01/23/sdot-installs-its-latest-even-better-bike-lane-barrier-on-dearborn-street/,1
https://www.netcials.com/finance/core-cpi-vs-headline-cpi-differences-interpretation-pros-cons/,1
https://cerbos.dev/blog/audit-log-filtering-database-improvements-and-helm-updates,1
https://www.fcportables.com/easy-photo-unblur-portable/,1
https://www.jaynestars.com/news/kenneth-ma-is-excited-by-the-airport-diarys-premiere/,1
https://unixsheikh.com/articles/vim-i-hate-to-love-you.html,5
https://techraptor.net/gaming/news/koei-tecmo-director-discusses-importance-of-being-gamer-to-excel-as-manager,3
https://newjerseymonitor.com/2024/01/25/affordable-housing-overhaul-gets-senate-panels-ok/,1
https://recordinglaw.com/can-you-get-a-speeding-ticket-without-being-pulled-over/,1
https://home.robusta.dev/blog/containers-dont-use-chroot,1
https://technode.com/2023/08/04/oppo-turns-its-iconic-green-logo-black-and-white/,1
https://tommccallum.com/2023/12/11/mix-blend-and-enjoy/,5
https://www.psemi.com/newsroom/press-releases/psemi-welcomes-new-vice-president-of-human-resources-debbie-richter,1
https://flare.io/learn/resources/blog/threat-spotlight-the-dark-web-and-ai/,1
https://www.swiftbysundell.com/articles/async-sequences-streams-and-combine,3
https://www.semiaccurate.com/2023/11/01/a-look-at-amds-new-threadripper-7000-line/,1
https://ukragroconsult.com/en/news/belgian-farmers-want-to-blockade-seaport-in-protest/,1
https://www.thepostil.com/war-as-an-object-of-study-in-french-political-philosophy/,3
https://www.mormonstories.org/sacramento/,1
https://uri.cat/projects/piacere-fabrica-benetton-store-window/,1
https://technode.com/2023/09/05/hoyoverse-announces-its-lineup-for-tgs-2023/,1
https://www.themarshallproject.org/2024/01/10/prison-correctional-officer-shortage-overtime-data,3
https://macdailynews.com/2024/01/23/apple-may-be-prepping-a-smart-ring/,1
https://www.gaussianwaves.com/2023/07/exploring-orthogonality-from-vectors-to-functions/,1
https://vegetarische.wordpress.com/2020/11/12/where-to-get-used-household-items/,3
https://robynobrien.com/not-all-heroes-wear-capes-a-podcast-with-two-remarkable-teenage-boys/,3
https://stamen.com/stamen-at-nacis-2023-a-recap-of-creative-cartography-and-community/,5
https://pha.berkeley.edu/2021/12/07/the-danger-of-convenience-and-information/,1
https://reallyabout.net/focus-movie/,1
https://medibogroup.com/best-ways-to-learn-epoxy-flooring/,1
https://ctocraft.com/blog/the-tech-market-in-2023-growth-and-hiring/,3
https://webcrunch.com/posts/build-a-less-annoying-newsletter-signup-form,1
https://neocha.com/magazine/family-first-jun-aihara/,3
https://www.concernednetizen.com/2023/02/logos-mcluhan-among-the-gnostics-i-ii/,5
https://wvmetronews.com/2024/01/28/photo-gallery-bridgeport-defeats-preston-69-43/,1
https://blog.everydayscientist.com/update-on-scope-room-dustiness/,5
https://www.cloudsek.com/blog/dogerat-the-android-malware-campaign-targeting-users-across-multiple-industries,1
https://commercialvehicleinfo.com/best-heavy-duty-trucks/,1
https://www.corporatecrimereporter.com/news/200/inside-the-fossil-fuel-industrys-playbook-to-suppress-protest-and-dissent/,1
https://davidmytton.blog/expect-more-overestimates-of-ai-energy-consumption/,5
https://www.cybadger.com/2023/09/09/putting-on-the-hat/,5
https://www.alexcarabi.com/writing/space-creation-in-leadership-and-in-life/,5
https://adf.uk/army-veteran-thoughtcrime/?utm_source=rss&utm_medium=rss&utm_campaign=army-veteran-thoughtcrime,1
https://scobleizer.blog/2022/01/11/the-augmented-home/,5
https://www.paudal.com/2024/01/28/united-escape-in-fa-cup-van-dijk-and-gravenberch-score-for-liverpool-football/,1
https://research.kudelskisecurity.com/2021/02/02/benchmarking-privacy-preserving-motion-detection/,1
https://ejaaskel.dev/yocto-hardening-firewalls-part-2-firewalld/?utm_source=rss&utm_medium=rss&utm_campaign=yocto-hardening-firewalls-part-2-firewalld,5
https://www.coloradopolitics.com/news/live-updates-gov-jared-polis-sense-of-hopelessness-around-housing-permeates-colorado/article_9b31be1c-af72-11ee-b949-7705df2e876d.html,1
https://www.emsisoft.com/en/blog/44880/qr-phishing-how-worried-should-you-be/,1
https://minnetonkaorchards.com/fertilizing-fruit-trees-in-fall/,3
https://technode.com/2023/07/03/baidu-exec-hails-power-of-ernie-bot-driven-search-use-of-video-responses-to-queries/,1
https://webcrunch.com/posts/bootstrap-4-coming-ready,1
https://www.debugbear.com/blog/waterfall-calendar,3
https://www.fox5dc.com/news/donald-trump-e-jean-carroll-defamation-trial,1
https://www.developermarkepear.com/blog/developer-advertising,1
https://jlsp.law.columbia.edu/2021/05/10/ncaa-anti-trust-case-may-see-collegiate-cartel-win-by-losing/,1
https://www.elephantlisteningproject.org/changing-tusks-in-response-to-poaching/,1
https://typographica.org/typeface-reviews/montage/,1
https://blog.geocities.institute/archives/7163,5
https://www.sco.wisc.edu/2024/01/24/downscaled-gis-compatible-climate-modeling-data-available-for-wisconsin/,1
https://fluentincoffee.com/best-semi-automatic-espresso-machine/,1
https://www.collabora.com/news-and-blog/news-and-events/ibc-2019.html,1
https://chicagounbound.uchicago.edu/uclrev/vol90/iss5/1,1
https://www.railengineer.co.uk/class-150-units-back-on-the-marston-vale-line/,1
https://www.artforum.com/news/robert-whitman-dead-19352024-548498/,1
https://kolejowyportal.pl/1000-zl-podwyzki-dla-pracownikow-pkp-intercity/?utm_source=rss&utm_medium=rss&utm_campaign=1000-zl-podwyzki-dla-pracownikow-pkp-intercity,1
https://www.k12dive.com/news/state-budget-changes-tax-cut-voucher-exacerbate-upcoming-ESSER-fiscal-cliff/705607/,1
https://www.thecanary.co/discovery/lifestyle/2024/01/26/4-benefits-of-pigeon-proofing-your-solar-panels/,1
https://energyinnovation.org/2023/09/13/more-water-and-more-energy-the-potential-win-win-of-floating-photovoltaics/,1
https://vectorize.io/2024/01/25/openai-text-embedding-3-embedding-models-first-look/,3
https://zouhairj.com/notes/the-psychology-behind-micro-management-and-its-detrimental-impact-on-organizations/?utm_source=rss&utm_medium=rss&utm_campaign=the-psychology-behind-micro-management-and-its-detrimental-impact-on-organizations,5
https://johnrmiles.com/7-proven-ways-to-overcome-self-doubt/,1
https://ulukayin.org/vampire-theme-early-vampire-films-nosferatu-orlok/,1
https://www.cointrust.com/market-news/revolutionizing-b2b-payments-xsquare-and-reltime-forge-strategic-partnership,1
https://qutools.com/a-quantum-of-knowledge/,1
https://www.patrick-breyer.de/en/chat-control-evaluation-report-eu-commission-fails-to-demonstrate-effectiveness-of-mass-surveillance-of-intimate-personal-photos-and-videos/,1
https://www.jantakareporter.com/entertainment/bhu-rapists-saksham-patel-abhishek-chauhan-kunal-pandey-were-close-to-top-bjp-leaders-including-pm-narendra-modi-yogi-adityanath-smriti-irani-and-amit-malviya/407371/,1
https://poemuseum.org/to-marie-louise/,1
https://blog.apaonline.org/2024/01/22/meet-the-apa-becko-copenhaver/,1
https://blog.gtk.org/2023/06/21/evolving-accessibility/,1
https://javalab.org/en/free_fall_en/,1
https://www.collabora.com/news-and-blog/blog/2019/05/02/running-android-and-wayland-on-embedded-devices/,1
https://fekir.info/post/git-parent-branch/,5
https://www.thecattlesite.com/news/south-koreas-mfg-buys-about-136-000-t-corn-in-tender,1
https://johnsnowproject.org/insights/endemic-sars-cov-2-and-the-death-of-public-health/,1
https://www.evwind.es/2024/01/28/invenergy-awarded-291-megawatt-wind-energy-contract-from-hydro-quebec/96304,1
https://hsi.com/blog/top-training-challenges-how-do-you-get-management-support-for-safety,1
https://evrone.com/blog/highload2023,1
https://www.haivision.com/blog/all/customer-success-why-the-makito-x4-video-encoder-and-srt-are-the-gold-standard-for-live-contribution/,1
https://elibrary.law.psu.edu/pslr/vol120/iss2/6,1
https://holeinthedonut.com/2020/07/15/restaurant-barbarestan-tbilisi-georgia/,3
https://invisibleup.com//projects/petalcrash/lessons/1/,5
https://balalaika.news/article/netflix-strikes-5-billion-deal-with-wwe-to-stream-monday-night-raw-smackdown-and-more-22754/,1
https://www.12news.com/article/news/state/lake-havasu-city-moves-forward-with-plans-to-build-second-bridge/75-4f8e9e0e-884b-4bff-a91e-4d3025e3e23a,1
https://arkitekten.se/nyheter/chalmers-far-ny-professor-i-cirkular-arkitektur/,1
https://www.coinfeeds.io/daily/hong-kong-firm-plans-bitcoin-etf-launch,1
https://optionalpha.com/blog/bid-ask-spread-expectations,1
https://itcertcouncil.org/itcc-inclusive-item-writing-resource/,1
https://peoplescdc.org/2023/12/18/peoples-cdc-covid-19-weather-5/,1
https://www.streamingmediablog.com/2023/11/video-interview.html,1
https://americanaffairsjournal.org/2023/11/how-to-be-a-policy-entrepreneur-in-the-american-vetocracy/,1
https://www.fox2detroit.com/news/housing-expensive-half-of-american-renters-study,1
https://circulatingnow.nlm.nih.gov/2013/08/12/president-garfields-condition-august-12-1881-700-pm/,1
https://cyberhoot.com/blog/understanding-and-protecting-against-telegram-scams/?utm_source=rss&utm_medium=rss&utm_campaign=understanding-and-protecting-against-telegram-scams,1
https://www.mietrecht.org/mietvertrag/aenderung-mietvertrag-tod-ehepartner/,1
https://niagaranow.com/news.phtml/growth-fuels-need-for-st-davids-cold-storage-expansion/?utm_source=rss&utm_medium=rss&utm_campaign=growth-fuels-need-for-st-davids-cold-storage-expansion,1
https://www.teoalida.com/cardatabase/tire-database/,3
https://48barriers.com/blog/jersey-barriers-used-at-events/,1
https://www.labiennale.org/en/news/international-centre-research-contemporary-arts-be-presented-new-york,1
https://c4sif.org/2023/04/reply-to-academic-agents-why-i-support-intellectual-property-rights/,1
https://www.howitworksdaily.com/win-one-of-ten-build-your-own-microscope-kits/,1
https://nvnh.io/index.php/2022/11/28/3-underrated-things-great-developers-do/,5
https://www.driversalert.com/simple-tips-for-preventing-slips-trips-and-falls/,1
https://www.esper.io/blog/android-dessert-bites-2-tips-tricks-3156978,1
https://theastroenthusiast.com/first-pulsar-image-processing/,1
https://transistor.fm/soundcloud-alternative,1
https://www.southernfriedscience.com/it-is-your-ocean-you-should-have-access-to-the-tools-to-study-it/,1
https://www.paul.senate.gov/dr-rand-paul-leads-follow-up-letter-requesting-information-on-cia-whistleblower-allegations-concerning-covid-19-origins-investigation/,1
https://www.epicompany.eu/epi-successfully-completes-acquisition-of-ideal-and-payconiq-international/,1
https://reallyabout.net/atlanta-tv-series/,1
https://www.fox13news.com/news/lake-wales-physician-voyeurism-juvenile-changing-room-office-polk-county,1
https://www.recurve.com/blog/the-results-are-in-market-access-delivers-for-customers-the-climate-and-the-grid,1
https://retrofun.pl/2023/11/01/another-atari-acquisition/,3
https://alittlebityummy.com/blog/low-fodmap-foods-you-can-enjoy-in-large-servings/,1
https://bennettftomlin.com/2024/01/16/this-iowa-politician-is-wrong-about-lead-pipes/,1
https://technode.com/2023/02/08/byd-backed-lidar-firm-robosense-secures-pilot-deal-from-toyota-among-others/,1
https://massivelyop.com/2024/01/29/camelot-unchaineds-newsletter-affirms-business-model-breaks-down-new-animation-debugging-tool-and-lighting-improvements/,1
https://broadbandbreakfast.com/2024/01/sean-gonsalves-new-municipal-broadband-networks-skyrocket-in-post-pandemic-america/?utm_source=rss&utm_medium=rss&utm_campaign=sean-gonsalves-new-municipal-broadband-networks-skyrocket-in-post-pandemic-america,1
https://www.greendrive-accessories.com/blog/en/tesla-hires-teresa-gutierrez-as-mexico-country-manager/,1
https://www.collabora.com/news-and-blog/blog/2021/06/15/testing-cameras-with-lc-compliance-kernelci/,1
https://thedigitalmerchant.com/sanebox-vs-boomerang/,1
https://jewishreviewofbooks.com/american-jewry/15470/stuck-in-the-middle/?utm_source=rss&utm_medium=rss&utm_campaign=rss,1
https://webcrunch.com/posts/the-importance-of-blogging-as-a-freelancer,1
https://id.cloud-ace.com/leading-generative-ai-startups-choose-google-cloud-to-innovate-and-scale/?utm_source=rss&utm_medium=rss&utm_campaign=leading-generative-ai-startups-choose-google-cloud-to-innovate-and-scale,1
https://webflow.nextmv.io/blog/how-to-set-up-ci-cd-for-an-or-tools-cvrp-model-using-nextmv-decisionops-tools,1
https://unixism.net/2020/04/io-uring-by-example-article-series/?utm_source=rss&utm_medium=rss&utm_campaign=io-uring-by-example-article-series,5
https://imrannazar.com/shorts/that-time-my-encrypted-raid-failed,5
https://runningmagazine.ca/trail-running/meet-canadas-newest-ultrarunning-champ-heidi-frehlich/,1
https://henrikwarne.com/2021/06/15/on-comments-in-code/,5
https://www.globetrotting.com.au/feedback-on-the-rainbow-beach-bush-cattle-ride-2/,1
https://notlaura.com/maybe-this-series-is-a-zine-6-3-1/,5
https://www.grants.ca.gov/your-feedback-in-action/,1
https://www.deepsouthventures.com/give-me-grunt-work/,5
https://www.coreystephan.com/pi4-freebsd/,5
https://www.debugbear.com/blog/lazy-loading-angular-components-without-a-router,1
https://resources.workable.com/sales-analyst-job-description,1
https://japantoday.com/category/national/u.s.-promises-consultation-with-japan-before-osprey-flight-resumption,1
https://www.deepfence.io/blog/meet-deepfence-at-kubecon-cloudnativecon-in-person-and-virtually,1
https://orbit.love/blog/customer-story-rasa,1
https://notlaura.com/post-growth-and-newsflash-about-sleep-7-2/,5
https://rachelandrew.co.uk/archives/2023/09/07/why-are-we-not-still-using-tables-for-layout/,5
https://michaeljswart.com/2022/11/use-rcsi-to-tackle-most-locking-and-blocking-issues-in-sql-server/,5
https://4gravitons.com/2023/11/24/a-significant-calculation/,5
https://luis.com/posts/distractions-and-dystopia,5
https://ashwinram.org/2017/11/28/announcing-winners-of-2017-alexa-prize/,5
https://roy.gbiv.com/untangled/2010/icse-most-influential-paper-award,5
https://kevwe.com/blog/the-case-for-go,1
https://web.gqueues.com/blog/gqueues-helps-you-win-at-life,1
https://automatedinsights.com/blog/dont-be-shy-develop-it/,1
https://mikerowe.com/2024/01/scarcity-brain-with-michael-easter-ep-367/,3
https://maudestavern.com/2023/04/05/the-lesson-for-today-robert-frost/,1
https://blog.talkingidentity.com/2023/04/the-design-of-trustworthy-things.html,5
https://hasura.io/blog/integrating-hasura-with-microsoft-power-automate/,1
https://www.bdadyslexia.org.uk/news/did-specialist-tuition-have-a-positive-impact-on-learning-during-the-pandemic,1
https://www.hypertalking.com/2019/01/06/hello/,5
https://blog.adnansiddiqi.me/develop-your-first-decentralized-ecommerce-application-with-python-flask-and-metamask/,5
https://resources.workable.com/stories-and-insights/linearity-finding-the-solution-in-the-details-of-hiring-data,1
https://www.jasonacox.com/wordpress/archives/913,5
https://crossplag.com/the-jobocalypse-is-ai-a-threat-to-jobs/,1
https://johnswinburn.com/a-brief-thought-or-two/,5
https://www.corey.co/blog/manifest-destiny,3
https://optionalpha.com/blog/trader-spotlight-lee,1
https://heavymusichq.com/meet-the-band-sovereign/,1
https://www.giskard.ai/knowledge/ai-safety-and-security-interview,1
https://thebourbonculture.com/whiskey-reviews/michters-limited-release-toasted-barrel-finish-rye-whiskey-2023-review/,1
https://www.zeldman.com/2023/06/13/arg-for-thee-and-me/,5
https://peeterjoot.com/2024/01/07/a-router-table-extension-for-my-table-saw/,5
https://galaxi.tech/principles-of-web-api-design-chapter-6/,1
https://griddb.net/en/blog/json-web-tokens/,1
https://shaunoconnell.com/2022/05/11/having-power-of-attorney-is-a-good-thing-and-a-bad-thing/,1
https://www.globetrotting.com.au/the-chilko-lake-cananda-through-the-lens/,1
https://www.jetwhine.com/2023/12/champ-ornament-of-aviation-appreciation/,1
https://techtldr.com/one-year-without-amp/,5
https://jonlennartaasenden.wordpress.com/2018/11/03/delphi-developer-demo-competition-votes/,3
https://jklinger.co/on-leadership-gaslighting/,5
https://swiftui-lab.com/backward-compatibility/?utm_source=rss&utm_medium=rss&utm_campaign=backward-compatibility,1
https://linkletter.opened.ca/stand-against-proctorios-slapp-update-28/,1
https://www.lensculture.com/articles/nazraeli-press-are-you-ready-to-publish-a-photobook,1
https://blog.jellesmeets.nl/personal/the-highs-lows-of-5-years-of-blogging/?utm_source=rss&utm_medium=rss&utm_campaign=the-highs-lows-of-5-years-of-blogging,5
https://michaelochurch.wordpress.com/2020/03/25/quitting-wordpress-april-30-2020/,5
https://the-gadgeteer.com/2024/01/25/tekto-f3-charlie-knife-review-a-trusty-companion-when-hiking/,1
https://climatecenter.usc.edu/electric-futures-an-unexpected-experience/,1
https://www.percona.com/blog/is-mysql-router-8-2-any-better/,1
https://www.visakanv.com/archives/2023/07/21/felt-sense-of-freedom/,5
https://blog.binarynights.com/2023/09/06/showing-appreciation-to-our-loyal-users-an-important-update/,1
https://weekendwarriorshockey.com/going-away-to-hockey-camp-why-its-better-than-going-local/,1
https://www.hydrick.net/2023/06/30/from-the-stuff-i-screwed-up-files-caching-was-a-bad-choice/,5
https://www.easterbrook.ca/steve/2021/11/the-discontinuous-future/,3
https://rampantgames.com/blog/?p=12327,5
https://www.bearer.com/blog/starting-a-remote-first-and-multicultural-company,1
https://voicebot.ai/2024/01/25/openai-showcases-new-generative-ai-models-and-lower-api-prices-cures-gpt-4-laziness/,1
https://revisingrubies.com/newsletter-4/?utm_source=rss&utm_medium=rss&utm_campaign=newsletter-4,3
https://punkrockor.com/2023/03/07/technological-change-is-not-additive-it-is-ecological/,5
https://threads.cloud/solicitors-turn-to-threads-for-operational-call-transcription/,1
https://www.joshuakennon.com/cinnamon-roll-french-toast-at-the-oak-grill-in-newport-beach/,5
https://wesammikhail.com/2021/07/02/linking-data-across-the-web/,5
https://neil-clarke.com/it-continues/,5
https://hclxing.wordpress.com/2015/01/20/ti-stellaris-launchpad-with-iar-ewm-where-do-my-printf-messages-go/,5
https://ovid.github.io/articles/the-worst-job-offer.html,5
https://brandonthegamedev.com/dev-diary-032417/,5
https://voxpopulisphere.com/2024/01/29/martha-silano-im-not-so-good-at-corpse-pose/,1
https://www.businessdit.com/ai-in-marketing/,1
https://www.hireautism.org/resource-center/disclosure-and-accommodations/,1
https://blog.mozilla.org/en/mozilla/ai/ai-2023s-most-celebrated-influencer/,1
https://blog.patrickrothfuss.com/2023/11/numbers-and-fancy-covers-from-the-uk/,5
https://www.cerebras.net/blog/cerebras-software-platform-r1.7-is-out,1
https://discord.com/blog/pride-at-discord-our-values-and-our-actions,1
https://hsi.com/blog/the-incidental-safety-professional,1
https://qrper.com/2024/01/pedestrian-mobile-pota-hunting-on-the-back-forty/,5
https://third-wave-design.com/2021/06/02/hangin-on-the-intercom/,3
https://love2dev.com/blog/type-aspglobal_asax-is-not-defined/,3
https://www.daviddegner.com/photography/who-still-supports-morsy/,5
https://blog.jcole.us/2016/12/16/join-me-invest-in-humanity-too/,5
https://lowendbox.com/blog/not-your-typical-provider-meet-entrywan-and-check-out-their-full-service-cloud-offerings/,1
https://abovethecrowd.com/2017/05/09/benchmarks-new-general-partner-sarah-tavel/,5
https://alan.is/2023/07/30/technical-debt-a-visual-guide/,5
https://www.arnesantics.com/my-quest-for-cannonball-glory-in-a-500-car/,3
https://hadehwrites.com/learning-to-code-here-are-some-honest-insights/?utm_source=rss&utm_medium=rss&utm_campaign=learning-to-code-here-are-some-honest-insights,5
https://hsi.com/blog/top-training-challenges-how-do-you-make-training-efficient-effective-and-document-it-properly,1
https://aconaway.com/2023/02/24/deleting-stuff-from-netbox-with-pynetbox/?utm_source=rss&utm_medium=rss&utm_campaign=deleting-stuff-from-netbox-with-pynetbox,5
https://portfolio.panynj.gov/2020/10/01/diversifying-the-architecture-profession-block-by-block/,5
https://mjstocktrader.com/etain-obtains-approval-to-commence-sales-to-new-yorks-adult-use-market/,1
https://eric.mann.blog/you-are-not-your-customer/?utm_source=rss&utm_medium=rss&utm_campaign=you-are-not-your-customer,5
https://www.otherstrangeness.com/2023/09/18/ants/,5
https://www.highgo.ca/2023/09/11/postgresql-load-balancing-made-easy-a-deep-dive-into-pgpool/,1
https://blogs.cfainstitute.org/investor/2023/10/09/portfolio-confidential-five-common-client-concerns/,1
https://instituteforfinancialtransparency.com/2020/04/22/great-leaders-trust-people-with-the-truth/,1
https://olfconference.org/propose-a-birds-of-a-feather-session-for-2023/,1
https://youarenotsosmart.com/2023/12/11/yanss-275-could-a-fungus-that-takes-over-the-minds-of-living-creatures-really-cause-a-deadly-pandemic-in-humans-like-in-the-last-of-us/,1
https://www.dispatch.do/blog/meet-daniel-redesign-sneak-peek,1
https://fractalsoftworks.com/2023/10/30/salvors-in-the-ruin-a-digital-painting-story/,3
https://evotec.xyz/how-to-efficiently-remove-comments-from-your-powershell-script/,1
https://www.collabora.com/news-and-blog/blog/2020/04/10/clean-reliable-setup-for-dependency-installation/,1
https://lazer3d.com/2023/08/04/commander-x16-case-august-update/,1
https://adammembrey.com/inkthink-27-spark/,1
https://studysection.com/blog/error-1146-42s02-table-abc_db-tasks_history_tb-doesnt-exist/,1
https://microship.com/winnebiko-rolling-homes-book/,1
https://kristaps.me/blog/solidity-erc-20,5
https://www.cerebras.net/blog/sc22-is-a-wrap,1
https://victoriaelizabethbarnes.com/ws-george-petalware/,3
https://www.assetnote.io/resources/research/rce-in-progress-ws-ftp-ad-hoc-via-iis-http-modules-cve-2023-40044,1
https://grepjason.sh/2023/macbook-pro-30-day-check-in,5
https://www.mindingthecampus.org/2024/01/23/an-honest-diversity-statement/,1
https://www.collabora.com/news-and-blog/news-and-events/12-reasons-to-join-collabora.html,1
https://doodlewash.com/conjuring-up-some-fun/,1
https://www.declassifieduk.org/who-funds-labour-friends-of-israel-and-why-wont-it-say/,1
https://discord.com/blog/ddevs-celebrates-250k-members,1
https://databeats.community/p/the-commodification-of-data-activation,1
https://clarotesting.wordpress.com/2021/11/12/external-auditors-arrogant-beyond-their-competence/,5
https://www.wanderingermany.com/what-am-i-forgetting-to-pack-for-europe/,1
https://freefincal.com/everything-i-want-my-family-to-know-about-our-finances-is-here/,1
https://engineering.berkeley.edu/gustavo-alvarez/,1
https://mikerowe.com/2024/01/the-american-dream/,3
https://einarwh.wordpress.com/2024/01/12/the-ai-puppet-dance/,5
https://egypt.urnash.com/blog/2024/01/07/what-if-i-started-animating-again/,5
https://blog.patrickrothfuss.com/2023/11/this-is-why-we-cant-have-nice-things/,5
https://iai.tv/articles/cyberspace-and-the-self-auid-851,1
https://chipsandcheese.com/2020/12/13/welcome-to-chips-and-cheese/,3
https://anotherangrywoman.com/2022/01/27/things-i-learned-from-having-a-mild-case-of-covid/,5
https://levity.ai/blog/no-code-software-benefits,1
https://supasuze.wordpress.com/2008/04/20/the-low-down-on-motherhood/,5
https://agreeordie.com/nes-atoz-90/,1
https://masten.aero/blog/masten-kicks-off-development-for-xogdor-rocket/,1
https://www.howtoflyahorse.com/before-i-begin/,1
https://discord.com/blog/important-policy-updates,1
https://www.jasonacox.com/wordpress/archives/1801,5
https://victoriaelizabethbarnes.com/diy-kitchen-remodel-repurposed-antiques/,1
https://porkrind.org/missives/failed-emacs-builds-hanging-kernels-abort-oh-my/,5
https://globaltoynews.com/2024/01/26/the-friday-blog-from-john-baulch-2/,1
https://ianlouisharris.com/2023/10/24/its-not-all-black-and-white-meet-ups-with-annalisa-jilly-black-john-white-mid-october-2023/,5
https://www.fullstackanalyst.io/blog/adobe-launch/why-you-should-use-the-constant-data-element-more-often-in-adobe-launch/,1
https://techeela.com/openai-ceo-sam-altman-ai-chip-venture/,1
https://quomodocumque.wordpress.com/2023/03/23/learning-a-made-up-language-iii/,5
https://theintrovert.net/2023/11/20/deep-dx-part-3-the-data/,5
https://www.japanbiking.com/the-black-glass-of-satsuma-satsuma-vidro/,5
https://strugglers.net/~andy/blog/2022/11/11/blood-pressure-and-glucose-aggravation/,5
https://www.failory.com/interview/microconf,1
https://www.maddyness.com/uk/2024/01/25/five-lessons-im-taking-into-2024-as-a-founder-of-a-global-tech-company/,1
https://frogstar.com/another-microsoft-voice-recognition-test/,1
https://ajxs.me/blog/Korg_Volca_FM_Review.html,5
https://www.joshuakennon.com/you-should-visit-omomo-tea-in-irvine-california/,5
https://nonprofitupdate.info/2023/12/25/out-of-the-ordinary-renditions-of-traditional-christmas-songs-or-when-i-finally-understood-the-little-drummer-boy/,1
https://shreevatsa.wordpress.com/2016/01/03/the-generating-function-for-smirnov-words-or-time-until-k-consecutive-results-are-the-same/,3
https://comprimato.com/blog/2023/02/24/comprimato-has-joined-the-dpp/,1
https://www.dahosek.com/my-favorite-reads-of-2023/,5
https://copyleaks.com/blog/ai-model-plagiarism-and-why-it-matters-for-education,1
https://alexcwatt.com/hello-africa-ethiopia-act/,5
https://cordial.com/resources/cordial-wins-best-company-awards/,1
https://structuretech.com/feelgoodfriday-2023/,1
https://fekir.info/post/still-using-windows-xp/,5
https://fale.io/blog/2020/05/25/gdpr-2-years-later,5
https://thedataist.com/a-tribute-to-my-grandmother-and-the-greatest-generation/?utm_source=rss&utm_medium=rss&utm_campaign=a-tribute-to-my-grandmother-and-the-greatest-generation,5
https://statmodeling.stat.columbia.edu/2024/01/20/regarding-the-use-of-common-sense-when-evaluating-research-claims/,1
https://scottbolinger.com/graphql-codegen/,5
https://innormax.com/hey-there-fellow-adventurers-%f0%9f%8c%b4/?utm_source=rss&utm_medium=rss&utm_campaign=hey-there-fellow-adventurers-%25f0%259f%258c%25b4,1
https://digifesto.com/2022/02/04/about-ethics-and-families/,5
https://blog.torh.net/2023/03/19/this-blog-is-ipv6-accessible/,5
https://advanced-television.com/2024/01/26/esa-boss-europe-must-be-bold/,1
https://francisdiclemente.com/2023/11/22/a-textual-thanksgiving/,5
https://pprcapitalmgmt.com/mortgage-loan-portfolio/,1
http://www.revsys.com/tidbits/using-different-read-and-write-serializers-django-rest-framework/,1
https://kevinlestarge.com/2023/07/24/how-i-use-chatgpt-as-a-software-engineer/,5
https://jessitron.com/2023/10/26/software-is-complicated-given-enough-time/,5
https://coda.org/2024/happy-to-be-here-january-23-2024/,1
https://zettl.blog/2023/10/and-the-beat-goes-on/,3
https://www.popatplay.org/post/pop-online-sharing-with-and-learning-from-teachers,1
https://mindthevirt.com/unlocking-efficiency-and-expertise-with-thiswarp-ai-deep-dive/,1
https://brandonthegamedev.com/how-we-fulfilled-the-tasty-humans-board-game-kickstarter/,5
https://subethasoftware.com/2024/01/23/dji-mic-2-transmitter-works-with-insta360-x3-with-no-adapter-needed/,3
https://www.lastweekinai.com/e/106th/#new_tab,1
https://juliawise.net/when-to-not-trust-my-feelings/,5
https://thehorcrux.com/why-i-built-horcrux-app/,3
https://www.resmo.com/blog/resmo-rewind-2023,1
https://bmbumpus.com/2023/11/08/tree-decompositions-of-groups-a-letter-to-mike/,5
https://weaknuclearforce.wordpress.com/2014/11/11/transience/,1
https://www.fastjetperformance.com/blog/massive-formation-flying-for-the-queen-and-embracing-failure-as-the-true-route-to-success,1
https://dailyai.com/2024/01/can-we-increase-visibility-into-ai-agents-to-make-them-safer/,1
https://perell.com/note/sensitivity-isnt-static/,5
https://www.concealedwines.com/merry-christmas-and-happy-new-year-december-2023/,1
https://ericlathrop.com/2014/01/combining-git-repositories/,5
https://www.emsisoft.com/en/blog/45267/year-in-review-emsisofts-2023-product-highlights/,1
https://eatingoffplastic.com/2018/09/15/the-line-we-toe-with-neurodiversity/,5
https://pnhp.org/celebrating-35-years-of-single-payer-activism/,1
https://everwas.com/2023/08/sitemaps-for-ai/,5
https://storj-com.webflow.io/blog/november-2020-development-update-from-storj-labs,1
https://timotijhof.net/posts/2018/twitter-browsehappy/,5
https://webcrunch.com/posts/lets-build-consultancy-website-part-21,1
https://trekmovie.com/2024/01/13/brannon-braga-and-star-trek-prodigy-producers-talk-janeway-and-complicated-chakotay-relationship/,1
https://engineuring.wordpress.com/2018/02/16/corrections-to-the-verge-article-about-sci-hub-part-1/,5
https://cogdogblog.com/2024/01/noticing-distraction/,5
https://thefrailestthing.com/2019/06/08/devils-bargain/,5
https://www.somegeekintn.com/blog/2021/02/pause/,5
https://www.ajschwartzlaw.com/my-hobby-is-becoming-a-business-how-can-i-protect-my-intellectual-property-rights/,3
https://svpow.com/2023/11/27/a-simple-old-school-paper-about-bifurcated-cervical-ribs/,3
https://coassisted.com/blog/i-made-a-gpt-that-is-up-to-date-on-the-chatgpt-api-pricing-rate-limits-etc/,1
https://hasura.io/blog/speaking-at-conferences/,1
https://blog.openart.ai/2023/01/03/indie-game-developer-success-story/,1
https://www.coreystephan.com/awesome-theology/,5
https://www.grahammann.net/book-notes/turning-pro-steven-pressfield,1
https://open.library.okstate.edu/introphilosophy/chapter/selected-readings-from-russells-the-problems-of-philosophy/,1
https://www.vendr.com/blog/q2-saas-trends-report,1
https://blog.josefsson.org/2013/09/24/blurb/,5
https://victoriaelizabethbarnes.com/staining-kitchen-drawer-fronts/,5
https://kimimithegameeatingshemonster.com/2023/12/05/over-obj-fill-yer-boots-with-bullets/,5
https://www.albertbridgecapital.com/post/the-dcf-is-the-randy-watson-of-valuation,1
https://commonists.wordpress.com/2022/02/02/wikidata-and-the-sum-of-all-video-games-%e2%88%92-2021-edition/,1
https://www.assetnote.io/resources/research/finding-xss-in-a-million-websites-cpanel-cve-2023-29489,1
https://functionallyparanoid.com/the-most-metal-thing-ive-done-today/?utm_source=rss&utm_medium=rss&utm_campaign=the-most-metal-thing-ive-done-today,5
https://trekmovie.com/2023/11/18/star-trek-lower-decks-season-5-voice-work-resumes-tawny-newsome-tells-us-about-recording-return/,1
https://agreeordie.com/nes-atoz-88/,1
https://philipsheppard.com/2012/10/18/fusional-fragments-a-new-ballet/?utm_source=rss&utm_medium=rss&utm_campaign=fusional-fragments-a-new-ballet,3
https://johnswinburn.com/an-acceptable-stabbing/,5
https://www.vlatkovedral.com/via-negativa/,3
https://lattice.com/blog/there-is-always-a-way-we-can-improve-to-create-a-workplace-where-everyone-can-thrive-dianmarie-de-jesus-on-connecting-customers-with-answers,1
https://www.fastjetperformance.com/blog/arguments-in-the-cockpit-how-to-have-great-relationships-and-be-liked-at-parties,3
https://www.imkylelambert.com/articles/leaning-into-business-as-in-house-designers,5
https://svpow.com/2023/12/10/brief-thoughts-on-qualitative-and-quantitative-projects/,5
https://www.traderjoesgroceryreviews.com/trader-joes-kimbap/,1
https://www.domesticshelters.org/articles/true-survivor-stories/survivor-story-mildred-muhammed,1
https://matrix.vc/viewpoints/were-hiring,1
https://www.patrick-breyer.de/en/european-health-data-space-my-health-is-my-business-respect-that/,1
https://techtldr.com/one-year-without-amp/,5
https://jonathanh.co.uk/blog/my-new-home-alarm-clock/,5
http://www.romeconomics.com/should-economics-be-more-mathematical/,1
https://www.corbinstreehouse.com/blog/2022/12/heart-box-cherry-wood-box-with-purple-and-ghost-blue/,5
https://johnsad.ventures/2022/04/06/losing-my-best-friend/,5
https://community.mp3tag.de/t/merry-christmas-and-a-happy-new-year-2022/55602,1
https://steveblizard.wordpress.com/2020/06/30/sorry-for-misleading-you-but-i-cried-wolf-on-the-global-dangers-of-climate-change/,5
https://blog.ayjay.org/add-revisited/,5
https://calnewport.com/standing-up-to-technology/,1
https://www.hauntedchocolatier.net/2021/10/08/hello-world/,5
https://www.modular.com/blog/increasing-development-velocity-of-giant-ai-models,1
https://www.allaboutlean.com/seeing-shop-floor-introduction/,1
https://stable-diffusion-art.com/animate-partial-image-comfyui/,1
https://www.electricitymaps.com/blog/announcing-our-partnership-with-google,1
https://www.imkylelambert.com/articles/you-can-be-anything-you-want-to-be-is-bad-advice,5
https://www.novaspivack.com/uncategorized/psychaidelic-art-a-new-genre,3
https://www.warp.dev/blog/internship-at-warp-speed,1
https://opentheory.net/2023/05/ai-x-crypto-x-constitutions/,5
https://yinwang0.wordpress.com/2013/10/29/pysonar2/,1
https://www.boredgamer.co.uk/2023/12/07/vision-for-star-citizen-remains-unchanged-dev-response-special/,1
https://www.gapingvoid.com/the-secret-behind-successful-new-years-resolutions/,1
https://www.patheos.com/blogs/slacktivist/2024/01/15/palm-sunday/,1
https://www.alexcarabi.com/writing/you-are-what-you-attend-to/,5
